<?xml version="1.0" encoding="UTF-8"?>
<!DOCTYPE beans PUBLIC "-//SPRING//DTD BEAN//EN" "http://www.springframework.org/dtd/spring-beans.dtd">
<beans>
	<bean id="User" class="com.testFW.servlet.UserServlet">
		<property name="userService" ref="UserService" />
	</bean>
	<bean id="System" class="com.testFW.servlet.SystemServlet">
		<property name="userService" ref="UserService" />
		<property name="diaryService" ref="DiaryService" />
		<property name="albumService" ref="AlbumService" />
	</bean>
	<bean id="Diary" class="com.testFW.servlet.DiaryServlet">
		<property name="diaryService" ref="DiaryService" />
	</bean>
	<bean id="Chat" class="com.testFW.servlet.ChatServlet">
	</bean>
	<bean id="Album" class="com.testFW.servlet.AlbumServlet">
		<property name="albumService" ref="AlbumService" />
	</bean>
</beans>
